"","Estimate","SE","Chi2","df","p","z_wald","p_wald"
"(Intercept)","-2.85","0.10","   NA",NA,"   NA",-27.2868800256962,6.07091028354594e-164
"conditionclumsy","-0.71","0.09","41.14",2,"0.000",-7.93779969346772,2.05799334949502e-15
"conditionteasing","-0.38","0.08","   NA",NA,"   NA",-4.62640806559047,3.72061904762378e-06
"z.trial"," 0.10","0.02","17.31",1,"0.000",4.45226329085562,8.49698870340207e-06
"z.order","-0.11","0.03","11.17",1,"0.001",-3.42492032141235,0.000614979750656621
"z.age"," 0.02","0.07"," 0.06",1,"0.799",0.254909630594494,0.798792897795729
"sexM"," 0.18","0.15"," 1.33",1,"0.248",1.16595500199835,0.243632639169146
