"","Estimate","SE","LowerCI","UpperCI","Chi2","df","p","z_wald","p_wald"
"(Intercept)","-1.25","0.49","-2.35","-0.36","   NA",NA,"   NA",-2.55109440368081,0.0107385234114232
"conditionclumsy","-2.75","0.61","-4.46","-1.78","25.62",2,"0.000",-4.47846045400963,7.51832946311102e-06
"conditionteasing","-0.72","0.38","-1.55"," 0.00","   NA",NA,"   NA",-1.90129652644336,0.0572631837976507
"z.trial"," 0.72","0.15"," 0.46"," 1.09","24.40",1,"0.000",4.78160751585383,1.73898952756974e-06
"z.order"," 0.11","0.18","-0.23"," 0.47"," 0.39",1,"0.533",0.621844954124709,0.534043823455948
"z.age"," 0.28","0.33","-0.41"," 0.98"," 0.73",1,"0.393",0.851925682615876,0.394255341315661
"sexM"," 0.16","0.70","-1.25"," 1.53"," 0.05",1,"0.824",0.222870723403137,0.823636122658143
