"","keypoint","mean(prop_tracked_data)","median(prop_tracked_data)","min(prop_tracked_data)","max(prop_tracked_data)","mean(median_err, na.rm = TRUE)"
"1","head_centre",0.990641179151067,1,0.783147459727385,1,6.44425143047933
"2","snout",0.973502480995993,0.997316801036568,0.571751412429379,1,8.34151967182078
"3","tail_base",0.976406804428726,1,0.0175644028103044,1,7.92130607616847
"4","tail_tip",0.934404418957998,0.998731756432898,0,1,9.58012675973223
